kabupaten,forecast_week,predicted_cases
AcehBarat,2024-01-02,0
AcehBarat,2024-01-09,1
AcehBarat,2024-01-16,1
AcehBarat,2024-01-23,1
AcehBaratDaya,2024-01-02,0
AcehBaratDaya,2024-01-09,0
AcehBaratDaya,2024-01-16,0
AcehBaratDaya,2024-01-23,0
AcehBesar,2024-01-02,0
AcehBesar,2024-01-09,2
AcehBesar,2024-01-16,1
AcehBesar,2024-01-23,1
AcehJaya,2024-01-02,0
AcehJaya,2024-01-09,0
AcehJaya,2024-01-16,0
AcehJaya,2024-01-23,0
AcehSelatan,2024-01-02,0
AcehSelatan,2024-01-09,0
AcehSelatan,2024-01-16,0
AcehSelatan,2024-01-23,0
AcehSingkil,2024-01-02,0
AcehSingkil,2024-01-09,1
AcehSingkil,2024-01-16,0
AcehSingkil,2024-01-23,0
AcehTamiang,2024-01-02,0
AcehTamiang,2024-01-09,0
AcehTamiang,2024-01-16,0
AcehTamiang,2024-01-23,1
AcehTenggara,2024-01-02,0
AcehTenggara,2024-01-09,1
AcehTenggara,2024-01-16,0
AcehTenggara,2024-01-23,0
AcehTimur,2024-01-02,0
AcehTimur,2024-01-09,0
AcehTimur,2024-01-16,0
AcehTimur,2024-01-23,0
Agam,2024-01-02,0
Agam,2024-01-09,0
Agam,2024-01-16,0
Agam,2024-01-23,1
Alor,2024-01-02,0
Alor,2024-01-09,0
Alor,2024-01-16,0
Alor,2024-01-23,0
Ambon,2024-01-02,0
Ambon,2024-01-09,0
Ambon,2024-01-16,0
Ambon,2024-01-23,0
Asahan,2024-01-02,0
Asahan,2024-01-09,0
Asahan,2024-01-16,0
Asahan,2024-01-23,0
Asmat,2024-01-02,0
Asmat,2024-01-09,0
Asmat,2024-01-16,0
Asmat,2024-01-23,0
Badung,2024-01-02,10
Badung,2024-01-09,7
Badung,2024-01-16,4
Badung,2024-01-23,3
Balangan,2024-01-02,0
Balangan,2024-01-09,0
Balangan,2024-01-16,0
Balangan,2024-01-23,0
Balikpapan,2024-01-02,0
Balikpapan,2024-01-09,0
Balikpapan,2024-01-16,0
Balikpapan,2024-01-23,0
BandaAceh,2024-01-02,0
BandaAceh,2024-01-09,0
BandaAceh,2024-01-16,0
BandaAceh,2024-01-23,0
BandarLampung,2024-01-02,0
BandarLampung,2024-01-09,0
BandarLampung,2024-01-16,0
BandarLampung,2024-01-23,0
Bandung,2024-01-02,20
Bandung,2024-01-09,29
Bandung,2024-01-16,37
Bandung,2024-01-23,41
BandungBarat,2024-01-02,0
BandungBarat,2024-01-09,2
BandungBarat,2024-01-16,7
BandungBarat,2024-01-23,1
Banggai,2024-01-02,0
Banggai,2024-01-09,0
Banggai,2024-01-16,2
Banggai,2024-01-23,1
BanggaiKepulauan,2024-01-02,0
BanggaiKepulauan,2024-01-09,0
BanggaiKepulauan,2024-01-16,1
BanggaiKepulauan,2024-01-23,0
Bangka,2024-01-02,0
Bangka,2024-01-09,0
Bangka,2024-01-16,0
Bangka,2024-01-23,0
BangkaBarat,2024-01-02,0
BangkaBarat,2024-01-09,0
BangkaBarat,2024-01-16,0
BangkaBarat,2024-01-23,0
BangkaSelatan,2024-01-02,0
BangkaSelatan,2024-01-09,0
BangkaSelatan,2024-01-16,0
BangkaSelatan,2024-01-23,0
BangkaTengah,2024-01-02,0
BangkaTengah,2024-01-09,0
BangkaTengah,2024-01-16,0
BangkaTengah,2024-01-23,0
Bangkalan,2024-01-02,0
Bangkalan,2024-01-09,0
Bangkalan,2024-01-16,1
Bangkalan,2024-01-23,1
Bangli,2024-01-02,0
Bangli,2024-01-09,2
Bangli,2024-01-16,1
Bangli,2024-01-23,2
Banjar,2024-01-02,19
Banjar,2024-01-09,2
Banjar,2024-01-16,0
Banjar,2024-01-23,0
BanjarBaru,2024-01-02,0
BanjarBaru,2024-01-09,0
BanjarBaru,2024-01-16,0
BanjarBaru,2024-01-23,0
Banjarmasin,2024-01-02,0
Banjarmasin,2024-01-09,0
Banjarmasin,2024-01-16,0
Banjarmasin,2024-01-23,0
Banjarnegara,2024-01-02,0
Banjarnegara,2024-01-09,0
Banjarnegara,2024-01-16,0
Banjarnegara,2024-01-23,0
Bantaeng,2024-01-02,0
Bantaeng,2024-01-09,0
Bantaeng,2024-01-16,0
Bantaeng,2024-01-23,0
Bantul,2024-01-02,19
Bantul,2024-01-09,0
Bantul,2024-01-16,0
Bantul,2024-01-23,0
BanyuAsin,2024-01-02,0
BanyuAsin,2024-01-09,0
BanyuAsin,2024-01-16,0
BanyuAsin,2024-01-23,0
Banyumas,2024-01-02,0
Banyumas,2024-01-09,2
Banyumas,2024-01-16,4
Banyumas,2024-01-23,2
Banyuwangi,2024-01-02,0
Banyuwangi,2024-01-09,0
Banyuwangi,2024-01-16,0
Banyuwangi,2024-01-23,1
BaritoKuala,2024-01-02,0
BaritoKuala,2024-01-09,0
BaritoKuala,2024-01-16,0
BaritoKuala,2024-01-23,0
BaritoSelatan,2024-01-02,0
BaritoSelatan,2024-01-09,0
BaritoSelatan,2024-01-16,0
BaritoSelatan,2024-01-23,0
BaritoTimur,2024-01-02,0
BaritoTimur,2024-01-09,0
BaritoTimur,2024-01-16,0
BaritoTimur,2024-01-23,0
BaritoUtara,2024-01-02,0
BaritoUtara,2024-01-09,0
BaritoUtara,2024-01-16,0
BaritoUtara,2024-01-23,0
Barru,2024-01-02,0
Barru,2024-01-09,0
Barru,2024-01-16,0
Barru,2024-01-23,0
Batam,2024-01-02,0
Batam,2024-01-09,0
Batam,2024-01-16,0
Batam,2024-01-23,0
Batang,2024-01-02,0
Batang,2024-01-09,0
Batang,2024-01-16,1
Batang,2024-01-23,1
BatangHari,2024-01-02,0
BatangHari,2024-01-09,0
BatangHari,2024-01-16,0
BatangHari,2024-01-23,1
BatuBara,2024-01-02,0
BatuBara,2024-01-09,0
BatuBara,2024-01-16,0
BatuBara,2024-01-23,0
Bau-Bau,2024-01-02,0
Bau-Bau,2024-01-09,0
Bau-Bau,2024-01-16,0
Bau-Bau,2024-01-23,0
Bekasi,2024-01-02,0
Bekasi,2024-01-09,7
Bekasi,2024-01-16,3
Bekasi,2024-01-23,4
Belitung,2024-01-02,18
Belitung,2024-01-09,0
Belitung,2024-01-16,0
Belitung,2024-01-23,0
BelitungTimur,2024-01-02,0
BelitungTimur,2024-01-09,0
BelitungTimur,2024-01-16,0
BelitungTimur,2024-01-23,0
Belu,2024-01-02,0
Belu,2024-01-09,3
Belu,2024-01-16,2
Belu,2024-01-23,2
BenerMeriah,2024-01-02,0
BenerMeriah,2024-01-09,0
BenerMeriah,2024-01-16,0
BenerMeriah,2024-01-23,0
Bengkalis,2024-01-02,0
Bengkalis,2024-01-09,0
Bengkalis,2024-01-16,0
Bengkalis,2024-01-23,0
Bengkayang,2024-01-02,0
Bengkayang,2024-01-09,0
Bengkayang,2024-01-16,0
Bengkayang,2024-01-23,0
Bengkulu,2024-01-02,0
Bengkulu,2024-01-09,0
Bengkulu,2024-01-16,0
Bengkulu,2024-01-23,0
BengkuluSelatan,2024-01-02,0
BengkuluSelatan,2024-01-09,1
BengkuluSelatan,2024-01-16,1
BengkuluSelatan,2024-01-23,1
BengkuluTengah,2024-01-02,0
BengkuluTengah,2024-01-09,0
BengkuluTengah,2024-01-16,0
BengkuluTengah,2024-01-23,0
BengkuluUtara,2024-01-02,0
BengkuluUtara,2024-01-09,1
BengkuluUtara,2024-01-16,4
BengkuluUtara,2024-01-23,6
Berau,2024-01-02,0
Berau,2024-01-09,0
Berau,2024-01-16,0
Berau,2024-01-23,0
BiakNumfor,2024-01-02,0
BiakNumfor,2024-01-09,0
BiakNumfor,2024-01-16,0
BiakNumfor,2024-01-23,1
Bima,2024-01-02,0
Bima,2024-01-09,0
Bima,2024-01-16,0
Bima,2024-01-23,0
Bintan,2024-01-02,0
Bintan,2024-01-09,0
Bintan,2024-01-16,0
Bintan,2024-01-23,0
Bitung,2024-01-02,0
Bitung,2024-01-09,0
Bitung,2024-01-16,0
Bitung,2024-01-23,0
Blitar,2024-01-02,0
Blitar,2024-01-09,2
Blitar,2024-01-16,4
Blitar,2024-01-23,4
Blora,2024-01-02,9
Blora,2024-01-09,1
Blora,2024-01-16,2
Blora,2024-01-23,0
Boalemo,2024-01-02,0
Boalemo,2024-01-09,0
Boalemo,2024-01-16,0
Boalemo,2024-01-23,2
Bogor,2024-01-02,10
Bogor,2024-01-09,20
Bogor,2024-01-16,6
Bogor,2024-01-23,14
BolaangMongondow,2024-01-02,0
BolaangMongondow,2024-01-09,0
BolaangMongondow,2024-01-16,0
BolaangMongondow,2024-01-23,0
BolaangMongondowSelatan,2024-01-02,0
BolaangMongondowSelatan,2024-01-09,0
BolaangMongondowSelatan,2024-01-16,0
BolaangMongondowSelatan,2024-01-23,0
BolaangMongondowTimur,2024-01-02,0
BolaangMongondowTimur,2024-01-09,0
BolaangMongondowTimur,2024-01-16,0
BolaangMongondowTimur,2024-01-23,0
BolaangMongondowUtara,2024-01-02,0
BolaangMongondowUtara,2024-01-09,0
BolaangMongondowUtara,2024-01-16,0
BolaangMongondowUtara,2024-01-23,0
Bombana,2024-01-02,9
Bombana,2024-01-09,0
Bombana,2024-01-16,1
Bombana,2024-01-23,1
Bondowoso,2024-01-02,0
Bondowoso,2024-01-09,2
Bondowoso,2024-01-16,1
Bondowoso,2024-01-23,4
Bone,2024-01-02,0
Bone,2024-01-09,0
Bone,2024-01-16,0
Bone,2024-01-23,0
BoneBolango,2024-01-02,0
BoneBolango,2024-01-09,0
BoneBolango,2024-01-16,1
BoneBolango,2024-01-23,1
Bontang,2024-01-02,0
Bontang,2024-01-09,0
Bontang,2024-01-16,0
Bontang,2024-01-23,0
BovenDigoel,2024-01-02,0
BovenDigoel,2024-01-09,0
BovenDigoel,2024-01-16,0
BovenDigoel,2024-01-23,0
Boyolali,2024-01-02,9
Boyolali,2024-01-09,0
Boyolali,2024-01-16,0
Boyolali,2024-01-23,0
Brebes,2024-01-02,0
Brebes,2024-01-09,0
Brebes,2024-01-16,0
Brebes,2024-01-23,0
Bukittinggi,2024-01-02,0
Bukittinggi,2024-01-09,0
Bukittinggi,2024-01-16,0
Bukittinggi,2024-01-23,0
Buleleng,2024-01-02,29
Buleleng,2024-01-09,2
Buleleng,2024-01-16,4
Buleleng,2024-01-23,5
Bulukumba,2024-01-02,0
Bulukumba,2024-01-09,2
Bulukumba,2024-01-16,0
Bulukumba,2024-01-23,1
Bulungan,2024-01-02,0
Bulungan,2024-01-09,0
Bulungan,2024-01-16,0
Bulungan,2024-01-23,0
Bungo,2024-01-02,0
Bungo,2024-01-09,0
Bungo,2024-01-16,0
Bungo,2024-01-23,0
Buol,2024-01-02,0
Buol,2024-01-09,1
Buol,2024-01-16,2
Buol,2024-01-23,1
Buru,2024-01-02,0
Buru,2024-01-09,0
Buru,2024-01-16,0
Buru,2024-01-23,0
BuruSelatan,2024-01-02,0
BuruSelatan,2024-01-09,0
BuruSelatan,2024-01-16,0
BuruSelatan,2024-01-23,0
Buton,2024-01-02,0
Buton,2024-01-09,0
Buton,2024-01-16,0
Buton,2024-01-23,0
ButonUtara,2024-01-02,0
ButonUtara,2024-01-09,0
ButonUtara,2024-01-16,0
ButonUtara,2024-01-23,0
Ciamis,2024-01-02,0
Ciamis,2024-01-09,0
Ciamis,2024-01-16,1
Ciamis,2024-01-23,1
Cianjur,2024-01-02,0
Cianjur,2024-01-09,1
Cianjur,2024-01-16,1
Cianjur,2024-01-23,1
Cilacap,2024-01-02,0
Cilacap,2024-01-09,0
Cilacap,2024-01-16,2
Cilacap,2024-01-23,3
Cilegon,2024-01-02,0
Cilegon,2024-01-09,0
Cilegon,2024-01-16,0
Cilegon,2024-01-23,0
Cimahi,2024-01-02,0
Cimahi,2024-01-09,0
Cimahi,2024-01-16,0
Cimahi,2024-01-23,0
Cirebon,2024-01-02,0
Cirebon,2024-01-09,2
Cirebon,2024-01-16,1
Cirebon,2024-01-23,1
Dairi,2024-01-02,0
Dairi,2024-01-09,3
Dairi,2024-01-16,1
Dairi,2024-01-23,1
Danau,2024-01-02,0
Danau,2024-01-09,0
Danau,2024-01-16,0
Danau,2024-01-23,0
DanauLimboto,2024-01-02,0
DanauLimboto,2024-01-09,0
DanauLimboto,2024-01-16,0
DanauLimboto,2024-01-23,0
Deiyai,2024-01-02,0
Deiyai,2024-01-09,0
Deiyai,2024-01-16,0
Deiyai,2024-01-23,0
DeliSerdang,2024-01-02,0
DeliSerdang,2024-01-09,2
DeliSerdang,2024-01-16,2
DeliSerdang,2024-01-23,0
Demak,2024-01-02,0
Demak,2024-01-09,0
Demak,2024-01-16,1
Demak,2024-01-23,1
Denpasar,2024-01-02,0
Denpasar,2024-01-09,0
Denpasar,2024-01-16,0
Denpasar,2024-01-23,0
Depok,2024-01-02,0
Depok,2024-01-09,0
Depok,2024-01-16,0
Depok,2024-01-23,0
Dharmasraya,2024-01-02,0
Dharmasraya,2024-01-09,0
Dharmasraya,2024-01-16,0
Dharmasraya,2024-01-23,0
Dogiyai,2024-01-02,0
Dogiyai,2024-01-09,0
Dogiyai,2024-01-16,0
Dogiyai,2024-01-23,0
Dompu,2024-01-02,0
Dompu,2024-01-09,1
Dompu,2024-01-16,1
Dompu,2024-01-23,1
Donggala,2024-01-02,0
Donggala,2024-01-09,0
Donggala,2024-01-16,0
Donggala,2024-01-23,0
Dumai,2024-01-02,0
Dumai,2024-01-09,0
Dumai,2024-01-16,0
Dumai,2024-01-23,0
EmpatLawang,2024-01-02,0
EmpatLawang,2024-01-09,0
EmpatLawang,2024-01-16,0
EmpatLawang,2024-01-23,0
Ende,2024-01-02,0
Ende,2024-01-09,0
Ende,2024-01-16,0
Ende,2024-01-23,0
Enrekang,2024-01-02,0
Enrekang,2024-01-09,0
Enrekang,2024-01-16,0
Enrekang,2024-01-23,0
Fakfak,2024-01-02,0
Fakfak,2024-01-09,0
Fakfak,2024-01-16,0
Fakfak,2024-01-23,1
FloresTimur,2024-01-02,0
FloresTimur,2024-01-09,0
FloresTimur,2024-01-16,0
FloresTimur,2024-01-23,0
Garut,2024-01-02,10
Garut,2024-01-09,12
Garut,2024-01-16,8
Garut,2024-01-23,16
GayoLues,2024-01-02,0
GayoLues,2024-01-09,0
GayoLues,2024-01-16,0
GayoLues,2024-01-23,0
Gianyar,2024-01-02,39
Gianyar,2024-01-09,1
Gianyar,2024-01-16,1
Gianyar,2024-01-23,1
Gorontalo,2024-01-02,0
Gorontalo,2024-01-09,0
Gorontalo,2024-01-16,0
Gorontalo,2024-01-23,0
GorontaloUtara,2024-01-02,0
GorontaloUtara,2024-01-09,0
GorontaloUtara,2024-01-16,0
GorontaloUtara,2024-01-23,0
Gowa,2024-01-02,0
Gowa,2024-01-09,0
Gowa,2024-01-16,0
Gowa,2024-01-23,0
Gresik,2024-01-02,0
Gresik,2024-01-09,4
Gresik,2024-01-16,7
Gresik,2024-01-23,8
Grobogan,2024-01-02,29
Grobogan,2024-01-09,3
Grobogan,2024-01-16,2
Grobogan,2024-01-23,1
GunungKidul,2024-01-02,0
GunungKidul,2024-01-09,0
GunungKidul,2024-01-16,0
GunungKidul,2024-01-23,0
GunungMas,2024-01-02,0
GunungMas,2024-01-09,0
GunungMas,2024-01-16,0
GunungMas,2024-01-23,0
Gunungsitoli,2024-01-02,0
Gunungsitoli,2024-01-09,0
Gunungsitoli,2024-01-16,0
Gunungsitoli,2024-01-23,0
HalmaheraBarat,2024-01-02,0
HalmaheraBarat,2024-01-09,2
HalmaheraBarat,2024-01-16,1
HalmaheraBarat,2024-01-23,1
HalmaheraSelatan,2024-01-02,0
HalmaheraSelatan,2024-01-09,9
HalmaheraSelatan,2024-01-16,52
HalmaheraSelatan,2024-01-23,5
HalmaheraTengah,2024-01-02,0
HalmaheraTengah,2024-01-09,0
HalmaheraTengah,2024-01-16,0
HalmaheraTengah,2024-01-23,0
HalmaheraTimur,2024-01-02,0
HalmaheraTimur,2024-01-09,0
HalmaheraTimur,2024-01-16,0
HalmaheraTimur,2024-01-23,0
HalmaheraUtara,2024-01-02,0
HalmaheraUtara,2024-01-09,0
HalmaheraUtara,2024-01-16,0
HalmaheraUtara,2024-01-23,0
HuluSungaiSelatan,2024-01-02,0
HuluSungaiSelatan,2024-01-09,0
HuluSungaiSelatan,2024-01-16,0
HuluSungaiSelatan,2024-01-23,0
HuluSungaiTengah,2024-01-02,0
HuluSungaiTengah,2024-01-09,0
HuluSungaiTengah,2024-01-16,0
HuluSungaiTengah,2024-01-23,0
HuluSungaiUtara,2024-01-02,9
HuluSungaiUtara,2024-01-09,3
HuluSungaiUtara,2024-01-16,2
HuluSungaiUtara,2024-01-23,1
HumbangHasundutan,2024-01-02,0
HumbangHasundutan,2024-01-09,0
HumbangHasundutan,2024-01-16,0
HumbangHasundutan,2024-01-23,0
IndragiriHilir,2024-01-02,0
IndragiriHilir,2024-01-09,0
IndragiriHilir,2024-01-16,0
IndragiriHilir,2024-01-23,0
IndragiriHulu,2024-01-02,0
IndragiriHulu,2024-01-09,0
IndragiriHulu,2024-01-16,0
IndragiriHulu,2024-01-23,3
Indramayu,2024-01-02,0
Indramayu,2024-01-09,2
Indramayu,2024-01-16,1
Indramayu,2024-01-23,1
IntanJaya,2024-01-02,0
IntanJaya,2024-01-09,0
IntanJaya,2024-01-16,0
IntanJaya,2024-01-23,0
JakartaBarat,2024-01-02,0
JakartaBarat,2024-01-09,0
JakartaBarat,2024-01-16,0
JakartaBarat,2024-01-23,0
JakartaPusat,2024-01-02,0
JakartaPusat,2024-01-09,0
JakartaPusat,2024-01-16,0
JakartaPusat,2024-01-23,0
JakartaSelatan,2024-01-02,0
JakartaSelatan,2024-01-09,0
JakartaSelatan,2024-01-16,0
JakartaSelatan,2024-01-23,0
JakartaTimur,2024-01-02,0
JakartaTimur,2024-01-09,0
JakartaTimur,2024-01-16,0
JakartaTimur,2024-01-23,0
JakartaUtara,2024-01-02,0
JakartaUtara,2024-01-09,0
JakartaUtara,2024-01-16,0
JakartaUtara,2024-01-23,0
Jambi,2024-01-02,0
Jambi,2024-01-09,0
Jambi,2024-01-16,0
Jambi,2024-01-23,0
Jayapura,2024-01-02,0
Jayapura,2024-01-09,0
Jayapura,2024-01-16,0
Jayapura,2024-01-23,0
Jayawijaya,2024-01-02,0
Jayawijaya,2024-01-09,0
Jayawijaya,2024-01-16,0
Jayawijaya,2024-01-23,0
Jember,2024-01-02,10
Jember,2024-01-09,1
Jember,2024-01-16,2
Jember,2024-01-23,1
Jembrana,2024-01-02,0
Jembrana,2024-01-09,0
Jembrana,2024-01-16,0
Jembrana,2024-01-23,0
Jeneponto,2024-01-02,0
Jeneponto,2024-01-09,0
Jeneponto,2024-01-16,0
Jeneponto,2024-01-23,0
Jepara,2024-01-02,0
Jepara,2024-01-09,0
Jepara,2024-01-16,0
Jepara,2024-01-23,0
Kaimana,2024-01-02,0
Kaimana,2024-01-09,0
Kaimana,2024-01-16,0
Kaimana,2024-01-23,0
Kampar,2024-01-02,0
Kampar,2024-01-09,1
Kampar,2024-01-16,0
Kampar,2024-01-23,0
Kapuas,2024-01-02,9
Kapuas,2024-01-09,0
Kapuas,2024-01-16,0
Kapuas,2024-01-23,1
KapuasHulu,2024-01-02,0
KapuasHulu,2024-01-09,0
KapuasHulu,2024-01-16,0
KapuasHulu,2024-01-23,0
Karanganyar,2024-01-02,0
Karanganyar,2024-01-09,1
Karanganyar,2024-01-16,1
Karanganyar,2024-01-23,1
Karangasem,2024-01-02,0
Karangasem,2024-01-09,1
Karangasem,2024-01-16,1
Karangasem,2024-01-23,2
Karawang,2024-01-02,0
Karawang,2024-01-09,0
Karawang,2024-01-16,0
Karawang,2024-01-23,0
Karimun,2024-01-02,0
Karimun,2024-01-09,0
Karimun,2024-01-16,0
Karimun,2024-01-23,0
Karo,2024-01-02,19
Karo,2024-01-09,0
Karo,2024-01-16,0
Karo,2024-01-23,1
Katingan,2024-01-02,0
Katingan,2024-01-09,0
Katingan,2024-01-16,0
Katingan,2024-01-23,0
Kaur,2024-01-02,0
Kaur,2024-01-09,0
Kaur,2024-01-16,0
Kaur,2024-01-23,0
KayongUtara,2024-01-02,0
KayongUtara,2024-01-09,0
KayongUtara,2024-01-16,0
KayongUtara,2024-01-23,0
Kebumen,2024-01-02,18
Kebumen,2024-01-09,0
Kebumen,2024-01-16,0
Kebumen,2024-01-23,1
Keerom,2024-01-02,0
Keerom,2024-01-09,0
Keerom,2024-01-16,0
Keerom,2024-01-23,1
Kendal,2024-01-02,0
Kendal,2024-01-09,1
Kendal,2024-01-16,1
Kendal,2024-01-23,0
Kendari,2024-01-02,0
Kendari,2024-01-09,0
Kendari,2024-01-16,0
Kendari,2024-01-23,0
Kepahiang,2024-01-02,0
Kepahiang,2024-01-09,0
Kepahiang,2024-01-16,0
Kepahiang,2024-01-23,0
KepulauanAnambas,2024-01-02,0
KepulauanAnambas,2024-01-09,0
KepulauanAnambas,2024-01-16,0
KepulauanAnambas,2024-01-23,0
KepulauanAru,2024-01-02,0
KepulauanAru,2024-01-09,0
KepulauanAru,2024-01-16,0
KepulauanAru,2024-01-23,0
KepulauanMentawai,2024-01-02,0
KepulauanMentawai,2024-01-09,0
KepulauanMentawai,2024-01-16,0
KepulauanMentawai,2024-01-23,0
KepulauanMeranti,2024-01-02,0
KepulauanMeranti,2024-01-09,0
KepulauanMeranti,2024-01-16,0
KepulauanMeranti,2024-01-23,0
KepulauanSangihe,2024-01-02,0
KepulauanSangihe,2024-01-09,0
KepulauanSangihe,2024-01-16,0
KepulauanSangihe,2024-01-23,0
KepulauanSelayar,2024-01-02,0
KepulauanSelayar,2024-01-09,0
KepulauanSelayar,2024-01-16,0
KepulauanSelayar,2024-01-23,0
KepulauanSeribu,2024-01-02,0
KepulauanSeribu,2024-01-09,0
KepulauanSeribu,2024-01-16,0
KepulauanSeribu,2024-01-23,0
KepulauanSula,2024-01-02,0
KepulauanSula,2024-01-09,0
KepulauanSula,2024-01-16,0
KepulauanSula,2024-01-23,0
KepulauanTalaud,2024-01-02,0
KepulauanTalaud,2024-01-09,0
KepulauanTalaud,2024-01-16,0
KepulauanTalaud,2024-01-23,0
KepulauanYapen,2024-01-02,0
KepulauanYapen,2024-01-09,0
KepulauanYapen,2024-01-16,0
KepulauanYapen,2024-01-23,0
Kerinci,2024-01-02,0
Kerinci,2024-01-09,0
Kerinci,2024-01-16,0
Kerinci,2024-01-23,0
Ketapang,2024-01-02,0
Ketapang,2024-01-09,0
Ketapang,2024-01-16,0
Ketapang,2024-01-23,0
Klaten,2024-01-02,0
Klaten,2024-01-09,1
Klaten,2024-01-16,2
Klaten,2024-01-23,1
Klungkung,2024-01-02,0
Klungkung,2024-01-09,2
Klungkung,2024-01-16,3
Klungkung,2024-01-23,11
Kolaka,2024-01-02,0
Kolaka,2024-01-09,0
Kolaka,2024-01-16,0
Kolaka,2024-01-23,1
KolakaUtara,2024-01-02,0
KolakaUtara,2024-01-09,0
KolakaUtara,2024-01-16,0
KolakaUtara,2024-01-23,0
Konawe,2024-01-02,0
Konawe,2024-01-09,1
Konawe,2024-01-16,0
Konawe,2024-01-23,0
KonaweSelatan,2024-01-02,0
KonaweSelatan,2024-01-09,0
KonaweSelatan,2024-01-16,1
KonaweSelatan,2024-01-23,0
KonaweUtara,2024-01-02,0
KonaweUtara,2024-01-09,0
KonaweUtara,2024-01-16,0
KonaweUtara,2024-01-23,0
KotaBandung,2024-01-02,20
KotaBandung,2024-01-09,24
KotaBandung,2024-01-16,31
KotaBandung,2024-01-23,17
KotaBaru,2024-01-02,17
KotaBaru,2024-01-09,0
KotaBaru,2024-01-16,0
KotaBaru,2024-01-23,0
KotaBekasi,2024-01-02,0
KotaBekasi,2024-01-09,6
KotaBekasi,2024-01-16,4
KotaBekasi,2024-01-23,14
KotaBima,2024-01-02,0
KotaBima,2024-01-09,0
KotaBima,2024-01-16,0
KotaBima,2024-01-23,0
KotaBinjai,2024-01-02,0
KotaBinjai,2024-01-09,0
KotaBinjai,2024-01-16,0
KotaBinjai,2024-01-23,0
KotaBogor,2024-01-02,0
KotaBogor,2024-01-09,0
KotaBogor,2024-01-16,1
KotaBogor,2024-01-23,0
KotaCirebon,2024-01-02,0
KotaCirebon,2024-01-09,0
KotaCirebon,2024-01-16,0
KotaCirebon,2024-01-23,0
KotaGorontalo,2024-01-02,7
KotaGorontalo,2024-01-09,0
KotaGorontalo,2024-01-16,0
KotaGorontalo,2024-01-23,0
KotaJayapura,2024-01-02,0
KotaJayapura,2024-01-09,1
KotaJayapura,2024-01-16,1
KotaJayapura,2024-01-23,2
KotaKediri,2024-01-02,0
KotaKediri,2024-01-09,1
KotaKediri,2024-01-16,0
KotaKediri,2024-01-23,0
KotaKupang,2024-01-02,0
KotaKupang,2024-01-09,0
KotaKupang,2024-01-16,0
KotaKupang,2024-01-23,0
KotaMadiun,2024-01-02,0
KotaMadiun,2024-01-09,0
KotaMadiun,2024-01-16,0
KotaMadiun,2024-01-23,0
KotaMagelang,2024-01-02,0
KotaMagelang,2024-01-09,1
KotaMagelang,2024-01-16,1
KotaMagelang,2024-01-23,1
KotaMalang,2024-01-02,9
KotaMalang,2024-01-09,1
KotaMalang,2024-01-16,2
KotaMalang,2024-01-23,1
KotaMedan,2024-01-02,0
KotaMedan,2024-01-09,1
KotaMedan,2024-01-16,1
KotaMedan,2024-01-23,2
KotaMojokerto,2024-01-02,0
KotaMojokerto,2024-01-09,0
KotaMojokerto,2024-01-16,0
KotaMojokerto,2024-01-23,0
KotaPasuruan,2024-01-02,0
KotaPasuruan,2024-01-09,0
KotaPasuruan,2024-01-16,0
KotaPasuruan,2024-01-23,0
KotaPekalongan,2024-01-02,0
KotaPekalongan,2024-01-09,0
KotaPekalongan,2024-01-16,0
KotaPekalongan,2024-01-23,0
KotaPontianak,2024-01-02,20
KotaPontianak,2024-01-09,12
KotaPontianak,2024-01-16,9
KotaPontianak,2024-01-23,4
KotaProbolinggo,2024-01-02,0
KotaProbolinggo,2024-01-09,0
KotaProbolinggo,2024-01-16,1
KotaProbolinggo,2024-01-23,1
KotaSemarang,2024-01-02,0
KotaSemarang,2024-01-09,5
KotaSemarang,2024-01-16,24
KotaSemarang,2024-01-23,4
KotaSerang,2024-01-02,0
KotaSerang,2024-01-09,4
KotaSerang,2024-01-16,1
KotaSerang,2024-01-23,0
KotaSolok,2024-01-02,0
KotaSolok,2024-01-09,0
KotaSolok,2024-01-16,0
KotaSolok,2024-01-23,0
KotaSorong,2024-01-02,0
KotaSorong,2024-01-09,0
KotaSorong,2024-01-16,0
KotaSorong,2024-01-23,0
KotaSukabumi,2024-01-02,0
KotaSukabumi,2024-01-09,0
KotaSukabumi,2024-01-16,0
KotaSukabumi,2024-01-23,0
KotaTangerang,2024-01-02,0
KotaTangerang,2024-01-09,4
KotaTangerang,2024-01-16,1
KotaTangerang,2024-01-23,1
KotaTanjungbalai,2024-01-02,0
KotaTanjungbalai,2024-01-09,0
KotaTanjungbalai,2024-01-16,0
KotaTanjungbalai,2024-01-23,0
KotaTasikmalaya,2024-01-02,0
KotaTasikmalaya,2024-01-09,7
KotaTasikmalaya,2024-01-16,1
KotaTasikmalaya,2024-01-23,2
KotaTegal,2024-01-02,0
KotaTegal,2024-01-09,0
KotaTegal,2024-01-16,0
KotaTegal,2024-01-23,0
KotaYogyakarta,2024-01-02,0
KotaYogyakarta,2024-01-09,0
KotaYogyakarta,2024-01-16,0
KotaYogyakarta,2024-01-23,1
Kotamobagu,2024-01-02,0
Kotamobagu,2024-01-09,0
Kotamobagu,2024-01-16,0
Kotamobagu,2024-01-23,0
KotawaringinBarat,2024-01-02,0
KotawaringinBarat,2024-01-09,0
KotawaringinBarat,2024-01-16,0
KotawaringinBarat,2024-01-23,0
KotawaringinTimur,2024-01-02,10
KotawaringinTimur,2024-01-09,0
KotawaringinTimur,2024-01-16,0
KotawaringinTimur,2024-01-23,0
KuantanSingingi,2024-01-02,0
KuantanSingingi,2024-01-09,0
KuantanSingingi,2024-01-16,0
KuantanSingingi,2024-01-23,0
KubuRaya,2024-01-02,0
KubuRaya,2024-01-09,0
KubuRaya,2024-01-16,1
KubuRaya,2024-01-23,2
Kudus,2024-01-02,0
Kudus,2024-01-09,13
Kudus,2024-01-16,19
Kudus,2024-01-23,11
KulonProgo,2024-01-02,0
KulonProgo,2024-01-09,3
KulonProgo,2024-01-16,5
KulonProgo,2024-01-23,13
Kuningan,2024-01-02,28
Kuningan,2024-01-09,1
Kuningan,2024-01-16,1
Kuningan,2024-01-23,5
Kupang,2024-01-02,0
Kupang,2024-01-09,0
Kupang,2024-01-16,0
Kupang,2024-01-23,0
KutaiBarat,2024-01-02,9
KutaiBarat,2024-01-09,2
KutaiBarat,2024-01-16,2
KutaiBarat,2024-01-23,1
KutaiKartanegara,2024-01-02,9
KutaiKartanegara,2024-01-09,1
KutaiKartanegara,2024-01-16,2
KutaiKartanegara,2024-01-23,1
KutaiTimur,2024-01-02,0
KutaiTimur,2024-01-09,1
KutaiTimur,2024-01-16,1
KutaiTimur,2024-01-23,1
Labuhanbatu,2024-01-02,0
Labuhanbatu,2024-01-09,0
Labuhanbatu,2024-01-16,0
Labuhanbatu,2024-01-23,0
LabuhanbatuSelatan,2024-01-02,0
LabuhanbatuSelatan,2024-01-09,0
LabuhanbatuSelatan,2024-01-16,0
LabuhanbatuSelatan,2024-01-23,0
LabuhanbatuUtara,2024-01-02,0
LabuhanbatuUtara,2024-01-09,3
LabuhanbatuUtara,2024-01-16,2
LabuhanbatuUtara,2024-01-23,2
Lahat,2024-01-02,9
Lahat,2024-01-09,1
Lahat,2024-01-16,0
Lahat,2024-01-23,1
LakeToba,2024-01-02,0
LakeToba,2024-01-09,0
LakeToba,2024-01-16,0
LakeToba,2024-01-23,0
Lamandau,2024-01-02,16
Lamandau,2024-01-09,0
Lamandau,2024-01-16,0
Lamandau,2024-01-23,0
Lamongan,2024-01-02,0
Lamongan,2024-01-09,0
Lamongan,2024-01-16,0
Lamongan,2024-01-23,0
LampungBarat,2024-01-02,1
LampungBarat,2024-01-09,0
LampungBarat,2024-01-16,0
LampungBarat,2024-01-23,0
LampungSelatan,2024-01-02,0
LampungSelatan,2024-01-09,0
LampungSelatan,2024-01-16,0
LampungSelatan,2024-01-23,0
LampungTengah,2024-01-02,9
LampungTengah,2024-01-09,0
LampungTengah,2024-01-16,0
LampungTengah,2024-01-23,0
LampungTimur,2024-01-02,0
LampungTimur,2024-01-09,1
LampungTimur,2024-01-16,0
LampungTimur,2024-01-23,1
LampungUtara,2024-01-02,0
LampungUtara,2024-01-09,0
LampungUtara,2024-01-16,0
LampungUtara,2024-01-23,0
Landak,2024-01-02,0
Landak,2024-01-09,0
Landak,2024-01-16,0
Landak,2024-01-23,0
Langkat,2024-01-02,0
Langkat,2024-01-09,0
Langkat,2024-01-16,0
Langkat,2024-01-23,0
Langsa,2024-01-02,0
Langsa,2024-01-09,0
Langsa,2024-01-16,0
Langsa,2024-01-23,0
LannyJaya,2024-01-02,0
LannyJaya,2024-01-09,0
LannyJaya,2024-01-16,0
LannyJaya,2024-01-23,0
Lebak,2024-01-02,0
Lebak,2024-01-09,0
Lebak,2024-01-16,0
Lebak,2024-01-23,0
Lebong,2024-01-02,1
Lebong,2024-01-09,0
Lebong,2024-01-16,0
Lebong,2024-01-23,0
Lembata,2024-01-02,0
Lembata,2024-01-09,0
Lembata,2024-01-16,0
Lembata,2024-01-23,0
Lhokseumawe,2024-01-02,0
Lhokseumawe,2024-01-09,0
Lhokseumawe,2024-01-16,0
Lhokseumawe,2024-01-23,0
LimaPuluhKota,2024-01-02,9
LimaPuluhKota,2024-01-09,0
LimaPuluhKota,2024-01-16,0
LimaPuluhKota,2024-01-23,0
Lingga,2024-01-02,0
Lingga,2024-01-09,0
Lingga,2024-01-16,0
Lingga,2024-01-23,0
LombokBarat,2024-01-02,0
LombokBarat,2024-01-09,1
LombokBarat,2024-01-16,1
LombokBarat,2024-01-23,1
LombokTengah,2024-01-02,0
LombokTengah,2024-01-09,0
LombokTengah,2024-01-16,0
LombokTengah,2024-01-23,0
LombokTimur,2024-01-02,0
LombokTimur,2024-01-09,0
LombokTimur,2024-01-16,0
LombokTimur,2024-01-23,0
LombokUtara,2024-01-02,0
LombokUtara,2024-01-09,1
LombokUtara,2024-01-16,0
LombokUtara,2024-01-23,0
Lubuklinggau,2024-01-02,0
Lubuklinggau,2024-01-09,0
Lubuklinggau,2024-01-16,0
Lubuklinggau,2024-01-23,0
Lumajang,2024-01-02,0
Lumajang,2024-01-09,0
Lumajang,2024-01-16,0
Lumajang,2024-01-23,0
Luwu,2024-01-02,0
Luwu,2024-01-09,0
Luwu,2024-01-16,0
Luwu,2024-01-23,0
LuwuTimur,2024-01-02,0
LuwuTimur,2024-01-09,0
LuwuTimur,2024-01-16,1
LuwuTimur,2024-01-23,0
LuwuUtara,2024-01-02,0
LuwuUtara,2024-01-09,0
LuwuUtara,2024-01-16,0
LuwuUtara,2024-01-23,0
Madiun,2024-01-02,0
Madiun,2024-01-09,1
Madiun,2024-01-16,3
Madiun,2024-01-23,3
Magelang,2024-01-02,0
Magelang,2024-01-09,0
Magelang,2024-01-16,0
Magelang,2024-01-23,0
Magetan,2024-01-02,0
Magetan,2024-01-09,2
Magetan,2024-01-16,2
Magetan,2024-01-23,2
Majalengka,2024-01-02,0
Majalengka,2024-01-09,1
Majalengka,2024-01-16,3
Majalengka,2024-01-23,5
Majene,2024-01-02,0
Majene,2024-01-09,0
Majene,2024-01-16,0
Majene,2024-01-23,0
Makassar,2024-01-02,0
Makassar,2024-01-09,0
Makassar,2024-01-16,0
Makassar,2024-01-23,0
Malang,2024-01-02,0
Malang,2024-01-09,1
Malang,2024-01-16,3
Malang,2024-01-23,5
Malinau,2024-01-02,0
Malinau,2024-01-09,0
Malinau,2024-01-16,34
Malinau,2024-01-23,2
MalukuBaratDaya,2024-01-02,0
MalukuBaratDaya,2024-01-09,0
MalukuBaratDaya,2024-01-16,0
MalukuBaratDaya,2024-01-23,0
MalukuTengah,2024-01-02,0
MalukuTengah,2024-01-09,0
MalukuTengah,2024-01-16,0
MalukuTengah,2024-01-23,0
MalukuTenggara,2024-01-02,0
MalukuTenggara,2024-01-09,2
MalukuTenggara,2024-01-16,0
MalukuTenggara,2024-01-23,0
MalukuTenggaraBarat,2024-01-02,0
MalukuTenggaraBarat,2024-01-09,0
MalukuTenggaraBarat,2024-01-16,0
MalukuTenggaraBarat,2024-01-23,0
Mamasa,2024-01-02,0
Mamasa,2024-01-09,0
Mamasa,2024-01-16,1
Mamasa,2024-01-23,0
MamberamoRaya,2024-01-02,0
MamberamoRaya,2024-01-09,0
MamberamoRaya,2024-01-16,0
MamberamoRaya,2024-01-23,0
MamberamoTengah,2024-01-02,0
MamberamoTengah,2024-01-09,0
MamberamoTengah,2024-01-16,0
MamberamoTengah,2024-01-23,0
Mamuju,2024-01-02,0
Mamuju,2024-01-09,0
Mamuju,2024-01-16,0
Mamuju,2024-01-23,1
MamujuUtara,2024-01-02,0
MamujuUtara,2024-01-09,0
MamujuUtara,2024-01-16,0
MamujuUtara,2024-01-23,0
Manado,2024-01-02,0
Manado,2024-01-09,0
Manado,2024-01-16,0
Manado,2024-01-23,0
MandailingNatal,2024-01-02,1
MandailingNatal,2024-01-09,0
MandailingNatal,2024-01-16,0
MandailingNatal,2024-01-23,0
Manggarai,2024-01-02,0
Manggarai,2024-01-09,1
Manggarai,2024-01-16,2
Manggarai,2024-01-23,8
ManggaraiBarat,2024-01-02,10
ManggaraiBarat,2024-01-09,871
ManggaraiBarat,2024-01-16,29
ManggaraiBarat,2024-01-23,5
ManggaraiTimur,2024-01-02,0
ManggaraiTimur,2024-01-09,0
ManggaraiTimur,2024-01-16,1
ManggaraiTimur,2024-01-23,1
Manokwari,2024-01-02,0
Manokwari,2024-01-09,0
Manokwari,2024-01-16,0
Manokwari,2024-01-23,0
Mappi,2024-01-02,0
Mappi,2024-01-09,0
Mappi,2024-01-16,0
Mappi,2024-01-23,0
Maros,2024-01-02,0
Maros,2024-01-09,0
Maros,2024-01-16,0
Maros,2024-01-23,1
Mataram,2024-01-02,0
Mataram,2024-01-09,0
Mataram,2024-01-16,0
Mataram,2024-01-23,0
Maybrat,2024-01-02,0
Maybrat,2024-01-09,0
Maybrat,2024-01-16,0
Maybrat,2024-01-23,0
Melawi,2024-01-02,8
Melawi,2024-01-09,0
Melawi,2024-01-16,0
Melawi,2024-01-23,0
Merangin,2024-01-02,0
Merangin,2024-01-09,0
Merangin,2024-01-16,0
Merangin,2024-01-23,1
Merauke,2024-01-02,9
Merauke,2024-01-09,1
Merauke,2024-01-16,4
Merauke,2024-01-23,3
Mesuji,2024-01-02,0
Mesuji,2024-01-09,0
Mesuji,2024-01-16,0
Mesuji,2024-01-23,1
Metro,2024-01-02,0
Metro,2024-01-09,0
Metro,2024-01-16,0
Metro,2024-01-23,0
Mimika,2024-01-02,0
Mimika,2024-01-09,0
Mimika,2024-01-16,1
Mimika,2024-01-23,1
Minahasa,2024-01-02,0
Minahasa,2024-01-09,0
Minahasa,2024-01-16,1
Minahasa,2024-01-23,1
MinahasaSelatan,2024-01-02,8
MinahasaSelatan,2024-01-09,0
MinahasaSelatan,2024-01-16,0
MinahasaSelatan,2024-01-23,0
MinahasaTenggara,2024-01-02,0
MinahasaTenggara,2024-01-09,0
MinahasaTenggara,2024-01-16,0
MinahasaTenggara,2024-01-23,0
MinahasaUtara,2024-01-02,0
MinahasaUtara,2024-01-09,0
MinahasaUtara,2024-01-16,0
MinahasaUtara,2024-01-23,0
Mojokerto,2024-01-02,10
Mojokerto,2024-01-09,1
Mojokerto,2024-01-16,0
Mojokerto,2024-01-23,1
Morowali,2024-01-02,0
Morowali,2024-01-09,1
Morowali,2024-01-16,1
Morowali,2024-01-23,2
MuaraEnim,2024-01-02,0
MuaraEnim,2024-01-09,0
MuaraEnim,2024-01-16,0
MuaraEnim,2024-01-23,1
MuaroJambi,2024-01-02,0
MuaroJambi,2024-01-09,0
MuaroJambi,2024-01-16,0
MuaroJambi,2024-01-23,0
Mukomuko,2024-01-02,0
Mukomuko,2024-01-09,0
Mukomuko,2024-01-16,0
Mukomuko,2024-01-23,0
Muna,2024-01-02,0
Muna,2024-01-09,0
Muna,2024-01-16,0
Muna,2024-01-23,0
MurungRaya,2024-01-02,0
MurungRaya,2024-01-09,0
MurungRaya,2024-01-16,0
MurungRaya,2024-01-23,0
MusiBanyuasin,2024-01-02,9
MusiBanyuasin,2024-01-09,3
MusiBanyuasin,2024-01-16,3
MusiBanyuasin,2024-01-23,1
MusiRawas,2024-01-02,0
MusiRawas,2024-01-09,0
MusiRawas,2024-01-16,0
MusiRawas,2024-01-23,0
Nabire,2024-01-02,0
Nabire,2024-01-09,0
Nabire,2024-01-16,0
Nabire,2024-01-23,0
NaganRaya,2024-01-02,0
NaganRaya,2024-01-09,0
NaganRaya,2024-01-16,0
NaganRaya,2024-01-23,0
Nagekeo,2024-01-02,0
Nagekeo,2024-01-09,0
Nagekeo,2024-01-16,0
Nagekeo,2024-01-23,0
Natuna,2024-01-02,0
Natuna,2024-01-09,0
Natuna,2024-01-16,0
Natuna,2024-01-23,0
Nduga,2024-01-02,0
Nduga,2024-01-09,0
Nduga,2024-01-16,0
Nduga,2024-01-23,0
Ngada,2024-01-02,0
Ngada,2024-01-09,0
Ngada,2024-01-16,1
Ngada,2024-01-23,1
Nganjuk,2024-01-02,9
Nganjuk,2024-01-09,5
Nganjuk,2024-01-16,4
Nganjuk,2024-01-23,4
Ngawi,2024-01-02,9
Ngawi,2024-01-09,0
Ngawi,2024-01-16,1
Ngawi,2024-01-23,2
Nias,2024-01-02,0
Nias,2024-01-09,0
Nias,2024-01-16,0
Nias,2024-01-23,1
NiasBarat,2024-01-02,0
NiasBarat,2024-01-09,0
NiasBarat,2024-01-16,0
NiasBarat,2024-01-23,0
NiasSelatan,2024-01-02,0
NiasSelatan,2024-01-09,0
NiasSelatan,2024-01-16,0
NiasSelatan,2024-01-23,0
NiasUtara,2024-01-02,0
NiasUtara,2024-01-09,0
NiasUtara,2024-01-16,0
NiasUtara,2024-01-23,0
Nunukan,2024-01-02,9
Nunukan,2024-01-09,0
Nunukan,2024-01-16,0
Nunukan,2024-01-23,0
OganIlir,2024-01-02,0
OganIlir,2024-01-09,0
OganIlir,2024-01-16,0
OganIlir,2024-01-23,4
OganKomeringIlir,2024-01-02,0
OganKomeringIlir,2024-01-09,0
OganKomeringIlir,2024-01-16,0
OganKomeringIlir,2024-01-23,0
OganKomeringUlu,2024-01-02,0
OganKomeringUlu,2024-01-09,0
OganKomeringUlu,2024-01-16,0
OganKomeringUlu,2024-01-23,0
OganKomeringUluSelatan,2024-01-02,0
OganKomeringUluSelatan,2024-01-09,0
OganKomeringUluSelatan,2024-01-16,0
OganKomeringUluSelatan,2024-01-23,0
OganKomeringUluTimur,2024-01-02,0
OganKomeringUluTimur,2024-01-09,0
OganKomeringUluTimur,2024-01-16,8
OganKomeringUluTimur,2024-01-23,0
Pacitan,2024-01-02,0
Pacitan,2024-01-09,0
Pacitan,2024-01-16,0
Pacitan,2024-01-23,1
Padang,2024-01-02,0
Padang,2024-01-09,0
Padang,2024-01-16,0
Padang,2024-01-23,0
PadangLawas,2024-01-02,0
PadangLawas,2024-01-09,1
PadangLawas,2024-01-16,2
PadangLawas,2024-01-23,2
PadangLawasUtara,2024-01-02,0
PadangLawasUtara,2024-01-09,0
PadangLawasUtara,2024-01-16,0
PadangLawasUtara,2024-01-23,0
PadangPanjang,2024-01-02,0
PadangPanjang,2024-01-09,0
PadangPanjang,2024-01-16,0
PadangPanjang,2024-01-23,0
PadangPariaman,2024-01-02,0
PadangPariaman,2024-01-09,0
PadangPariaman,2024-01-16,0
PadangPariaman,2024-01-23,0
Padangsidimpuan,2024-01-02,0
Padangsidimpuan,2024-01-09,0
Padangsidimpuan,2024-01-16,0
Padangsidimpuan,2024-01-23,0
PagarAlam,2024-01-02,0
PagarAlam,2024-01-09,0
PagarAlam,2024-01-16,0
PagarAlam,2024-01-23,0
PakpakBarat,2024-01-02,0
PakpakBarat,2024-01-09,0
PakpakBarat,2024-01-16,0
PakpakBarat,2024-01-23,0
PalangkaRaya,2024-01-02,0
PalangkaRaya,2024-01-09,0
PalangkaRaya,2024-01-16,0
PalangkaRaya,2024-01-23,0
Palembang,2024-01-02,0
Palembang,2024-01-09,0
Palembang,2024-01-16,0
Palembang,2024-01-23,0
Palopo,2024-01-02,0
Palopo,2024-01-09,0
Palopo,2024-01-16,0
Palopo,2024-01-23,0
Palu,2024-01-02,0
Palu,2024-01-09,0
Palu,2024-01-16,0
Palu,2024-01-23,0
Pamekasan,2024-01-02,0
Pamekasan,2024-01-09,8
Pamekasan,2024-01-16,5
Pamekasan,2024-01-23,4
Pandeglang,2024-01-02,0
Pandeglang,2024-01-09,0
Pandeglang,2024-01-16,0
Pandeglang,2024-01-23,0
PangkajeneDanKepulauan,2024-01-02,0
PangkajeneDanKepulauan,2024-01-09,0
PangkajeneDanKepulauan,2024-01-16,0
PangkajeneDanKepulauan,2024-01-23,0
Pangkalpinang,2024-01-02,0
Pangkalpinang,2024-01-09,0
Pangkalpinang,2024-01-16,0
Pangkalpinang,2024-01-23,0
Paniai,2024-01-02,0
Paniai,2024-01-09,0
Paniai,2024-01-16,0
Paniai,2024-01-23,0
Parepare,2024-01-02,0
Parepare,2024-01-09,0
Parepare,2024-01-16,0
Parepare,2024-01-23,0
Pariaman,2024-01-02,0
Pariaman,2024-01-09,0
Pariaman,2024-01-16,0
Pariaman,2024-01-23,0
ParigiMoutong,2024-01-02,0
ParigiMoutong,2024-01-09,0
ParigiMoutong,2024-01-16,0
ParigiMoutong,2024-01-23,0
Pasaman,2024-01-02,9
Pasaman,2024-01-09,1
Pasaman,2024-01-16,1
Pasaman,2024-01-23,1
PasamanBarat,2024-01-02,0
PasamanBarat,2024-01-09,0
PasamanBarat,2024-01-16,0
PasamanBarat,2024-01-23,0
Paser,2024-01-02,0
Paser,2024-01-09,4
Paser,2024-01-16,9
Paser,2024-01-23,4
Pasuruan,2024-01-02,0
Pasuruan,2024-01-09,0
Pasuruan,2024-01-16,2
Pasuruan,2024-01-23,2
Pati,2024-01-02,0
Pati,2024-01-09,2
Pati,2024-01-16,3
Pati,2024-01-23,8
Payakumbuh,2024-01-02,0
Payakumbuh,2024-01-09,0
Payakumbuh,2024-01-16,0
Payakumbuh,2024-01-23,0
PegununganBintang,2024-01-02,0
PegununganBintang,2024-01-09,0
PegununganBintang,2024-01-16,0
PegununganBintang,2024-01-23,0
Pekalongan,2024-01-02,0
Pekalongan,2024-01-09,5
Pekalongan,2024-01-16,1
Pekalongan,2024-01-23,3
Pekanbaru,2024-01-02,0
Pekanbaru,2024-01-09,0
Pekanbaru,2024-01-16,0
Pekanbaru,2024-01-23,0
Pelalawan,2024-01-02,0
Pelalawan,2024-01-09,0
Pelalawan,2024-01-16,0
Pelalawan,2024-01-23,0
Pemalang,2024-01-02,0
Pemalang,2024-01-09,0
Pemalang,2024-01-16,0
Pemalang,2024-01-23,2
Pematangsiantar,2024-01-02,0
Pematangsiantar,2024-01-09,0
Pematangsiantar,2024-01-16,0
Pematangsiantar,2024-01-23,0
PenajamPaserUtara,2024-01-02,0
PenajamPaserUtara,2024-01-09,1
PenajamPaserUtara,2024-01-16,0
PenajamPaserUtara,2024-01-23,0
Pesawaran,2024-01-02,0
Pesawaran,2024-01-09,0
Pesawaran,2024-01-16,0
Pesawaran,2024-01-23,0
PesisirSelatan,2024-01-02,9
PesisirSelatan,2024-01-09,1
PesisirSelatan,2024-01-16,3
PesisirSelatan,2024-01-23,2
Pidie,2024-01-02,0
Pidie,2024-01-09,0
Pidie,2024-01-16,0
Pidie,2024-01-23,0
PidieJaya,2024-01-02,10
PidieJaya,2024-01-09,10
PidieJaya,2024-01-16,2
PidieJaya,2024-01-23,1
Pinrang,2024-01-02,0
Pinrang,2024-01-09,0
Pinrang,2024-01-16,0
Pinrang,2024-01-23,0
Pohuwato,2024-01-02,0
Pohuwato,2024-01-09,0
Pohuwato,2024-01-16,0
Pohuwato,2024-01-23,0
PolewaliMandar,2024-01-02,0
PolewaliMandar,2024-01-09,0
PolewaliMandar,2024-01-16,0
PolewaliMandar,2024-01-23,0
Ponorogo,2024-01-02,0
Ponorogo,2024-01-09,1
Ponorogo,2024-01-16,1
Ponorogo,2024-01-23,1
Pontianak,2024-01-02,0
Pontianak,2024-01-09,0
Pontianak,2024-01-16,0
Pontianak,2024-01-23,0
Poso,2024-01-02,9
Poso,2024-01-09,0
Poso,2024-01-16,2
Poso,2024-01-23,0
Prabumulih,2024-01-02,0
Prabumulih,2024-01-09,0
Prabumulih,2024-01-16,0
Prabumulih,2024-01-23,0
Pringsewu,2024-01-02,0
Pringsewu,2024-01-09,0
Pringsewu,2024-01-16,0
Pringsewu,2024-01-23,0
Probolinggo,2024-01-02,0
Probolinggo,2024-01-09,0
Probolinggo,2024-01-16,0
Probolinggo,2024-01-23,1
PulangPisau,2024-01-02,0
PulangPisau,2024-01-09,0
PulangPisau,2024-01-16,0
PulangPisau,2024-01-23,0
PulauMorotai,2024-01-02,0
PulauMorotai,2024-01-09,0
PulauMorotai,2024-01-16,0
PulauMorotai,2024-01-23,0
Puncak,2024-01-02,0
Puncak,2024-01-09,0
Puncak,2024-01-16,0
Puncak,2024-01-23,0
PuncakJaya,2024-01-02,0
PuncakJaya,2024-01-09,0
PuncakJaya,2024-01-16,0
PuncakJaya,2024-01-23,0
Purbalingga,2024-01-02,0
Purbalingga,2024-01-09,4
Purbalingga,2024-01-16,4
Purbalingga,2024-01-23,4
Purwakarta,2024-01-02,0
Purwakarta,2024-01-09,2
Purwakarta,2024-01-16,2
Purwakarta,2024-01-23,1
Purworejo,2024-01-02,0
Purworejo,2024-01-09,1
Purworejo,2024-01-16,1
Purworejo,2024-01-23,1
RajaAmpat,2024-01-02,0
RajaAmpat,2024-01-09,0
RajaAmpat,2024-01-16,0
RajaAmpat,2024-01-23,0
RejangLebong,2024-01-02,0
RejangLebong,2024-01-09,1
RejangLebong,2024-01-16,3
RejangLebong,2024-01-23,2
Rembang,2024-01-02,9
Rembang,2024-01-09,0
Rembang,2024-01-16,0
Rembang,2024-01-23,0
RokanHilir,2024-01-02,0
RokanHilir,2024-01-09,0
RokanHilir,2024-01-16,0
RokanHilir,2024-01-23,0
RokanHulu,2024-01-02,9
RokanHulu,2024-01-09,0
RokanHulu,2024-01-16,1
RokanHulu,2024-01-23,0
RoteNdao,2024-01-02,0
RoteNdao,2024-01-09,0
RoteNdao,2024-01-16,0
RoteNdao,2024-01-23,0
Sabang,2024-01-02,0
Sabang,2024-01-09,0
Sabang,2024-01-16,0
Sabang,2024-01-23,0
SabuRaijua,2024-01-02,0
SabuRaijua,2024-01-09,0
SabuRaijua,2024-01-16,0
SabuRaijua,2024-01-23,0
Salatiga,2024-01-02,0
Salatiga,2024-01-09,0
Salatiga,2024-01-16,0
Salatiga,2024-01-23,0
Samarinda,2024-01-02,0
Samarinda,2024-01-09,0
Samarinda,2024-01-16,0
Samarinda,2024-01-23,0
Sambas,2024-01-02,1
Sambas,2024-01-09,0
Sambas,2024-01-16,0
Sambas,2024-01-23,0
Samosir,2024-01-02,0
Samosir,2024-01-09,0
Samosir,2024-01-16,0
Samosir,2024-01-23,0
Sampang,2024-01-02,10
Sampang,2024-01-09,2
Sampang,2024-01-16,0
Sampang,2024-01-23,0
Sanggau,2024-01-02,0
Sanggau,2024-01-09,0
Sanggau,2024-01-16,0
Sanggau,2024-01-23,0
Sarmi,2024-01-02,0
Sarmi,2024-01-09,0
Sarmi,2024-01-16,0
Sarmi,2024-01-23,0
Sarolangun,2024-01-02,0
Sarolangun,2024-01-09,0
Sarolangun,2024-01-16,0
Sarolangun,2024-01-23,0
Sawahlunto,2024-01-02,0
Sawahlunto,2024-01-09,0
Sawahlunto,2024-01-16,0
Sawahlunto,2024-01-23,0
Sekadau,2024-01-02,0
Sekadau,2024-01-09,0
Sekadau,2024-01-16,1
Sekadau,2024-01-23,0
Seluma,2024-01-02,0
Seluma,2024-01-09,0
Seluma,2024-01-16,0
Seluma,2024-01-23,0
Semarang,2024-01-02,0
Semarang,2024-01-09,1
Semarang,2024-01-16,0
Semarang,2024-01-23,1
SeramBagianBarat,2024-01-02,0
SeramBagianBarat,2024-01-09,0
SeramBagianBarat,2024-01-16,0
SeramBagianBarat,2024-01-23,0
SeramBagianTimur,2024-01-02,0
SeramBagianTimur,2024-01-09,0
SeramBagianTimur,2024-01-16,0
SeramBagianTimur,2024-01-23,0
Serang,2024-01-02,0
Serang,2024-01-09,1
Serang,2024-01-16,1
Serang,2024-01-23,0
SerdangBedagai,2024-01-02,0
SerdangBedagai,2024-01-09,0
SerdangBedagai,2024-01-16,0
SerdangBedagai,2024-01-23,0
Seruyan,2024-01-02,0
Seruyan,2024-01-09,0
Seruyan,2024-01-16,0
Seruyan,2024-01-23,0
Siak,2024-01-02,0
Siak,2024-01-09,0
Siak,2024-01-16,0
Siak,2024-01-23,0
SiauTagulandangBiaro,2024-01-02,0
SiauTagulandangBiaro,2024-01-09,0
SiauTagulandangBiaro,2024-01-16,0
SiauTagulandangBiaro,2024-01-23,0
Sibolga,2024-01-02,0
Sibolga,2024-01-09,0
Sibolga,2024-01-16,0
Sibolga,2024-01-23,0
SidenrengRappang,2024-01-02,0
SidenrengRappang,2024-01-09,0
SidenrengRappang,2024-01-16,0
SidenrengRappang,2024-01-23,0
Sidoarjo,2024-01-02,20
Sidoarjo,2024-01-09,54
Sidoarjo,2024-01-16,51
Sidoarjo,2024-01-23,57
Sigi,2024-01-02,0
Sigi,2024-01-09,0
Sigi,2024-01-16,0
Sigi,2024-01-23,1
Sijunjung,2024-01-02,0
Sijunjung,2024-01-09,1
Sijunjung,2024-01-16,0
Sijunjung,2024-01-23,0
Sikka,2024-01-02,0
Sikka,2024-01-09,5
Sikka,2024-01-16,1
Sikka,2024-01-23,4
Simalungun,2024-01-02,0
Simalungun,2024-01-09,4
Simalungun,2024-01-16,4
Simalungun,2024-01-23,1
Simeulue,2024-01-02,0
Simeulue,2024-01-09,0
Simeulue,2024-01-16,0
Simeulue,2024-01-23,0
Singkawang,2024-01-02,0
Singkawang,2024-01-09,0
Singkawang,2024-01-16,0
Singkawang,2024-01-23,0
Sinjai,2024-01-02,0
Sinjai,2024-01-09,0
Sinjai,2024-01-16,1
Sinjai,2024-01-23,1
Sintang,2024-01-02,10
Sintang,2024-01-09,0
Sintang,2024-01-16,0
Sintang,2024-01-23,0
Situbondo,2024-01-02,0
Situbondo,2024-01-09,0
Situbondo,2024-01-16,0
Situbondo,2024-01-23,0
Sleman,2024-01-02,0
Sleman,2024-01-09,0
Sleman,2024-01-16,0
Sleman,2024-01-23,0
Solok,2024-01-02,0
Solok,2024-01-09,0
Solok,2024-01-16,0
Solok,2024-01-23,0
SolokSelatan,2024-01-02,0
SolokSelatan,2024-01-09,0
SolokSelatan,2024-01-16,0
SolokSelatan,2024-01-23,0
Soppeng,2024-01-02,0
Soppeng,2024-01-09,2
Soppeng,2024-01-16,15
Soppeng,2024-01-23,1
Sorong,2024-01-02,0
Sorong,2024-01-09,0
Sorong,2024-01-16,0
Sorong,2024-01-23,0
SorongSelatan,2024-01-02,0
SorongSelatan,2024-01-09,0
SorongSelatan,2024-01-16,0
SorongSelatan,2024-01-23,0
Sragen,2024-01-02,0
Sragen,2024-01-09,4
Sragen,2024-01-16,2
Sragen,2024-01-23,9
Subang,2024-01-02,0
Subang,2024-01-09,4
Subang,2024-01-16,1
Subang,2024-01-23,1
Subulussalam,2024-01-02,0
Subulussalam,2024-01-09,0
Subulussalam,2024-01-16,0
Subulussalam,2024-01-23,0
Sukabumi,2024-01-02,0
Sukabumi,2024-01-09,1
Sukabumi,2024-01-16,0
Sukabumi,2024-01-23,2
Sukamara,2024-01-02,0
Sukamara,2024-01-09,0
Sukamara,2024-01-16,0
Sukamara,2024-01-23,0
Sukoharjo,2024-01-02,9
Sukoharjo,2024-01-09,1
Sukoharjo,2024-01-16,1
Sukoharjo,2024-01-23,1
SumbaBarat,2024-01-02,0
SumbaBarat,2024-01-09,0
SumbaBarat,2024-01-16,0
SumbaBarat,2024-01-23,0
SumbaBaratDaya,2024-01-02,0
SumbaBaratDaya,2024-01-09,1
SumbaBaratDaya,2024-01-16,1
SumbaBaratDaya,2024-01-23,2
SumbaTengah,2024-01-02,0
SumbaTengah,2024-01-09,1
SumbaTengah,2024-01-16,1
SumbaTengah,2024-01-23,0
SumbaTimur,2024-01-02,0
SumbaTimur,2024-01-09,0
SumbaTimur,2024-01-16,0
SumbaTimur,2024-01-23,0
Sumbawa,2024-01-02,0
Sumbawa,2024-01-09,0
Sumbawa,2024-01-16,0
Sumbawa,2024-01-23,0
SumbawaBarat,2024-01-02,0
SumbawaBarat,2024-01-09,1
SumbawaBarat,2024-01-16,2
SumbawaBarat,2024-01-23,2
Sumedang,2024-01-02,0
Sumedang,2024-01-09,4
Sumedang,2024-01-16,4
Sumedang,2024-01-23,1
Sumenep,2024-01-02,0
Sumenep,2024-01-09,0
Sumenep,2024-01-16,0
Sumenep,2024-01-23,0
SungaiPenuh,2024-01-02,0
SungaiPenuh,2024-01-09,0
SungaiPenuh,2024-01-16,0
SungaiPenuh,2024-01-23,0
Supiori,2024-01-02,0
Supiori,2024-01-09,0
Supiori,2024-01-16,0
Supiori,2024-01-23,0
Surabaya,2024-01-02,0
Surabaya,2024-01-09,0
Surabaya,2024-01-16,0
Surabaya,2024-01-23,0
Surakarta,2024-01-02,0
Surakarta,2024-01-09,0
Surakarta,2024-01-16,0
Surakarta,2024-01-23,0
Tabalong,2024-01-02,0
Tabalong,2024-01-09,0
Tabalong,2024-01-16,0
Tabalong,2024-01-23,0
Tabanan,2024-01-02,0
Tabanan,2024-01-09,2
Tabanan,2024-01-16,1
Tabanan,2024-01-23,1
Takalar,2024-01-02,0
Takalar,2024-01-09,3
Takalar,2024-01-16,1
Takalar,2024-01-23,1
Tambrauw,2024-01-02,0
Tambrauw,2024-01-09,0
Tambrauw,2024-01-16,0
Tambrauw,2024-01-23,0
TanaTidung,2024-01-02,0
TanaTidung,2024-01-09,0
TanaTidung,2024-01-16,0
TanaTidung,2024-01-23,0
TanaToraja,2024-01-02,0
TanaToraja,2024-01-09,0
TanaToraja,2024-01-16,0
TanaToraja,2024-01-23,0
TanahBumbu,2024-01-02,0
TanahBumbu,2024-01-09,0
TanahBumbu,2024-01-16,0
TanahBumbu,2024-01-23,0
TanahDatar,2024-01-02,0
TanahDatar,2024-01-09,0
TanahDatar,2024-01-16,1
TanahDatar,2024-01-23,4
TanahLaut,2024-01-02,29
TanahLaut,2024-01-09,0
TanahLaut,2024-01-16,0
TanahLaut,2024-01-23,0
Tangerang,2024-01-02,9
Tangerang,2024-01-09,2
Tangerang,2024-01-16,1
Tangerang,2024-01-23,4
TangerangSelatan,2024-01-02,0
TangerangSelatan,2024-01-09,0
TangerangSelatan,2024-01-16,0
TangerangSelatan,2024-01-23,0
Tanggamus,2024-01-02,0
Tanggamus,2024-01-09,0
Tanggamus,2024-01-16,0
Tanggamus,2024-01-23,0
TanjungJabungB,2024-01-02,0
TanjungJabungB,2024-01-09,0
TanjungJabungB,2024-01-16,0
TanjungJabungB,2024-01-23,0
TanjungJabungT,2024-01-02,0
TanjungJabungT,2024-01-09,0
TanjungJabungT,2024-01-16,0
TanjungJabungT,2024-01-23,0
Tanjungpinang,2024-01-02,0
Tanjungpinang,2024-01-09,0
Tanjungpinang,2024-01-16,0
Tanjungpinang,2024-01-23,0
TapanuliSelatan,2024-01-02,0
TapanuliSelatan,2024-01-09,0
TapanuliSelatan,2024-01-16,0
TapanuliSelatan,2024-01-23,0
TapanuliTengah,2024-01-02,0
TapanuliTengah,2024-01-09,0
TapanuliTengah,2024-01-16,0
TapanuliTengah,2024-01-23,0
TapanuliUtara,2024-01-02,0
TapanuliUtara,2024-01-09,1
TapanuliUtara,2024-01-16,1
TapanuliUtara,2024-01-23,2
Tapin,2024-01-02,18
Tapin,2024-01-09,1
Tapin,2024-01-16,0
Tapin,2024-01-23,0
Tarakan,2024-01-02,0
Tarakan,2024-01-09,0
Tarakan,2024-01-16,0
Tarakan,2024-01-23,0
Tasikmalaya,2024-01-02,9
Tasikmalaya,2024-01-09,1
Tasikmalaya,2024-01-16,2
Tasikmalaya,2024-01-23,1
Tebingtinggi,2024-01-02,0
Tebingtinggi,2024-01-09,0
Tebingtinggi,2024-01-16,0
Tebingtinggi,2024-01-23,0
Tebo,2024-01-02,10
Tebo,2024-01-09,3
Tebo,2024-01-16,1
Tebo,2024-01-23,0
Tegal,2024-01-02,0
Tegal,2024-01-09,0
Tegal,2024-01-16,0
Tegal,2024-01-23,0
TelukBintuni,2024-01-02,0
TelukBintuni,2024-01-09,0
TelukBintuni,2024-01-16,0
TelukBintuni,2024-01-23,0
TelukWondama,2024-01-02,0
TelukWondama,2024-01-09,0
TelukWondama,2024-01-16,0
TelukWondama,2024-01-23,0
Temanggung,2024-01-02,0
Temanggung,2024-01-09,1
Temanggung,2024-01-16,1
Temanggung,2024-01-23,1
Ternate,2024-01-02,0
Ternate,2024-01-09,0
Ternate,2024-01-16,0
Ternate,2024-01-23,0
TidoreKepulauan,2024-01-02,0
TidoreKepulauan,2024-01-09,0
TidoreKepulauan,2024-01-16,0
TidoreKepulauan,2024-01-23,0
TimorTengahSelatan,2024-01-02,0
TimorTengahSelatan,2024-01-09,0
TimorTengahSelatan,2024-01-16,0
TimorTengahSelatan,2024-01-23,0
TimorTengahUtara,2024-01-02,0
TimorTengahUtara,2024-01-09,3
TimorTengahUtara,2024-01-16,1
TimorTengahUtara,2024-01-23,1
TobaSamosir,2024-01-02,19
TobaSamosir,2024-01-09,2
TobaSamosir,2024-01-16,4
TobaSamosir,2024-01-23,9
TojoUna-Una,2024-01-02,0
TojoUna-Una,2024-01-09,3
TojoUna-Una,2024-01-16,0
TojoUna-Una,2024-01-23,1
Toli-Toli,2024-01-02,1
Toli-Toli,2024-01-09,0
Toli-Toli,2024-01-16,0
Toli-Toli,2024-01-23,0
Tolikara,2024-01-02,0
Tolikara,2024-01-09,0
Tolikara,2024-01-16,0
Tolikara,2024-01-23,0
Tomohon,2024-01-02,0
Tomohon,2024-01-09,0
Tomohon,2024-01-16,0
Tomohon,2024-01-23,0
TorajaUtara,2024-01-02,0
TorajaUtara,2024-01-09,0
TorajaUtara,2024-01-16,1
TorajaUtara,2024-01-23,1
Trenggalek,2024-01-02,0
Trenggalek,2024-01-09,1
Trenggalek,2024-01-16,3
Trenggalek,2024-01-23,5
Tual,2024-01-02,0
Tual,2024-01-09,0
Tual,2024-01-16,0
Tual,2024-01-23,0
Tuban,2024-01-02,0
Tuban,2024-01-09,0
Tuban,2024-01-16,0
Tuban,2024-01-23,0
TulangBawangBarat,2024-01-02,0
TulangBawangBarat,2024-01-09,0
TulangBawangBarat,2024-01-16,0
TulangBawangBarat,2024-01-23,0
Tulangbawang,2024-01-02,0
Tulangbawang,2024-01-09,0
Tulangbawang,2024-01-16,0
Tulangbawang,2024-01-23,0
Tulungagung,2024-01-02,0
Tulungagung,2024-01-09,1
Tulungagung,2024-01-16,1
Tulungagung,2024-01-23,1
WadukCirata,2024-01-02,0
WadukCirata,2024-01-09,0
WadukCirata,2024-01-16,0
WadukCirata,2024-01-23,0
WadukKedungombo,2024-01-02,0
WadukKedungombo,2024-01-09,0
WadukKedungombo,2024-01-16,0
WadukKedungombo,2024-01-23,0
Wajo,2024-01-02,0
Wajo,2024-01-09,0
Wajo,2024-01-16,0
Wajo,2024-01-23,0
Wakatobi,2024-01-02,0
Wakatobi,2024-01-09,0
Wakatobi,2024-01-16,0
Wakatobi,2024-01-23,0
Waropen,2024-01-02,0
Waropen,2024-01-09,0
Waropen,2024-01-16,0
Waropen,2024-01-23,0
WayKanan,2024-01-02,0
WayKanan,2024-01-09,0
WayKanan,2024-01-16,0
WayKanan,2024-01-23,1
Wonogiri,2024-01-02,0
Wonogiri,2024-01-09,3
Wonogiri,2024-01-16,3
Wonogiri,2024-01-23,5
Wonosobo,2024-01-02,0
Wonosobo,2024-01-09,3
Wonosobo,2024-01-16,2
Wonosobo,2024-01-23,3
Yahukimo,2024-01-02,0
Yahukimo,2024-01-09,0
Yahukimo,2024-01-16,0
Yahukimo,2024-01-23,0
Yalimo,2024-01-02,0
Yalimo,2024-01-09,0
Yalimo,2024-01-16,0
Yalimo,2024-01-23,0
